train_loss,epoch,step
1.3768705129623413,0,49
1.2606338262557983,0,99
1.088360071182251,0,149
1.0327872037887573,1,199
0.900253415107727,1,249
0.9029141664505005,1,299
0.8798512816429138,1,349
