train_loss,epoch,step
1.414829134941101,0,49
1.2270258665084839,0,99
1.138352632522583,0,149
1.121763825416565,1,199
0.9016912579536438,1,249
0.8234745860099792,1,299
0.778546929359436,1,349
