train_loss,epoch,step
1.6015684604644775,0,49
1.2801166772842407,0,99
1.1843034029006958,0,149
1.1057871580123901,0,199
1.185860514640808,0,249
1.1319177150726318,0,299
1.1980078220367432,0,349
0.8999369144439697,1,399
0.948302149772644,1,449
0.8644775152206421,1,499
0.8059489727020264,1,549
1.0208457708358765,1,599
0.789472758769989,1,649
0.7711806893348694,1,699
0.9072988033294678,1,749
